filename,role,company,salary,application-date,interview-date,end-date,status,source-url
"1KOMMA5° Solution Engineer","Solution Engineer","1KOMMA5°","95000","2025-12-16","","2026-03-23","rejected","https://1komma5grad.jobs.personio.de/job/2425610?display=de&language=de"
"50Hertz Advisor Cooperation","Advisor Cooperation","50Hertz","","2025-12-09","","2025-12-17","rejected","https://www.stepstone.de/jobs----13356184-inline.html?cid=Listing_Shared_iOS"
"AMCS Business Analyst","Business Analyst","AMCS","","2025-08-08","","2025-09-26","ghosted","https://www.linkedin.com/jobs/view/4271714651/?trackingId=&refId=&midToken=AQEcO_kITRvO_Q&midSig=0VZtm9-3gmdXU1&trk=eml-email_jobs_saved_job_reminder_01-saved~jobs-0-jobcard_body&trkEmail=eml-email_jobs_saved_job_reminder_01-saved~jobs-0-jobcard_body-null-55irmn~me1pasya~sh-null-null&eid=55irmn-me1pasya-sh&otpToken=MTEwNDFmZTYxMjJhY2NjM2IxMjQwNGVkNDMxYWUyYmM4NmNiZDI0MjljYTk4NzYxNzljMjA1NmI0NzUyNWJmMWYzZGY5Mzg5MWJkYWVkZTM1YmZkM2RkNzRmOGVmNjU5YWNmMDA5NWE1ODMxMzhhMTFlY2UsMSwx"
"AON Senior Business Analyst EMEA","Senior Business Analyst EMEA","AON","","2025-08-04","","2025-08-14","rejected",""
"50Hertz Data Governance Manager","Data Governance Manager","50Hertz","","2025-08-11","","2025-08-15","rejected","https://karriere.50hertz.com/offer/data-governance-manager-digitizatio/33e4e29a-18ba-4ad7-b52d-2f76a538687f"
"Accure Head of Product","Technical Head of Product","ACCURE Battery Intelligence GmbH","90000","2026-03-09","2026-03-27","2026-04-01","rejected","https://app.instaffo.com/candidate/job/21bf8e41-4392-46c9-ae38-08502d815d33?chat=1"
"Accenture Consultant R&D Strategie & Transformation","Consultant R&D Strategie & Transformation","Accenture","","2025-11-05","","2025-12-04","rejected","https://www.accenture.com/de-de/careers/jobdetails?id=R00277985_de&title=Consultant%20R%26D%20Strategie%20%26%20Transformation%20(all%20genders)"
"Accenture Manager Digital Grid","Manager Digital Grid","Accenture","","2025-11-05","","2026-01-20","rejected","https://www.accenture.com/de-de/careers/jobdetails?id=R00275495_de&title=Manager%20Digital%20Grid%20(all%20genders)"
"Amadeus Fire Data Scientiest Data Engineer","Data Engineer","Amadeus Fire","90000","2026-04-01","","2026-04-02","rejected","https://www.stepstone.de/stellenangebote--Data-Scientist-Data-Engineer-m-w-d-Berlin-Duesseldorf-Hamburg-Norderstedt-Hannover-Hildesheim-Koeln-Mannheim-Muenchen-Stuttgart-Amadeus-Fire-AG--13841925-inline.html"
"Arise GmbH Technical Product Manager (m-f-d) with a Focus on Platforms","Technical Product Manager (m/f/d) with a Focus on Platforms","Arise GmbH","90000","2026-01-26","","2026-02-03","rejected","https://app.instaffo.com/candidate/job/cfb5d486-5928-42a3-b666-182e4b59c99f?chat=1"
"Aroundhome Product Analyst","Product Analyst","Aroundhome","","2025-08-05","","2025-08-11","rejected","https://www.linkedin.com/jobs/view/4280079945"
"Akkodis System Architect","System Architect","Akkodis","100000","2025-05-03","","2025-05-09","ghosted","https://www.linkedin.com/jobs/view/4213520616/?trackingId=d2v0XLMsSGqmpFWF17A0xA%3D%3D&refId=FTNye9eIRp25ULKdHMZ8SQ%3D%3D&midToken=AQEcO_kITRvO_Q&midSig=30AcaUUJrx6bM1&trk=eml-email_application_confirmation_with_nba_01-applied_jobs-0-jobcard_body&trkEmail=eml-email_application_confirmation_with_nba_01-applied_jobs-0-jobcard_body-null-55irmn~ma7ytq7n~i8-null-null&eid=55irmn-ma7ytq7n-i8&otpToken=MTEwNDFmZTYxMjJhY2NjM2IxMjQwNGVkNDIxOGU1YjI4ZWNmZDk0MTkxYWY4NzYxNzljMjA1NmI0NzUyNWJmMWYzZGY5M2ExNGFmMGMwZGY2NGFiNmE5NzdlZmJjYzMwZjZhYjk5YzA3NDdjMDk3NTUwMTYsMSwx"
"BCG Analyst - BCG Vantage - Power & Utilities, Energy Networks","Analyst - BCG Vantage - Power & Utilities, Energy Networks","BCG","","2025-08-05","","2025-08-15","rejected",""
"Barmer Data Engineer Fokus KI & Cloud-Data-Infrastruktur","Data Engineer","Barmer","85000","2026-04-02","","","waiting","https://jobs.barmer.de/index.php?ac=jobad&id=4171"
"Accenture Microsoft Fabric & BI Senior Consultant","Microsoft Fabric & BI Senior Consultant","Accenture","","2025-11-05","","2025-11-10","rejected","https://www.accenture.com/de-de/careers/jobdetails?id=R00269969_de&title=Microsoft%20Fabric%20%26%20BI%20Senior%20Consultant%20(all%20genders)"
"AppExpert Project Lead Smart BMS 1","Project Lead Smart BMS","AppExpert","","2025-06-22","","2025-06-25","rejected","https://www.linkedin.com/jobs/view/4253741210/?trackingId=&refId=&midToken=AQEcO_kITRvO_Q&midSig=18UY4W3wOdgXQ1&trk=eml-email_jobs_application_rejected_01-applied_jobs-0-applied_job&trkEmail=eml-email_jobs_application_rejected_01-applied_jobs-0-applied_job-null-55irmn~mcbu6pxg~bl-null-null&eid=55irmn-mcbu6pxg-bl&otpToken=MTEwNDFmZTYxMjJhY2NjM2IxMjQwNGVkNDMxZWVmYjA4N2M2ZDI0OTliYWY4ZDYxNzljMjA1NmI0NzUyNWJmMWYzZGZhYTgxNmJlNWNjZTI2M2EyNzgwZTA3ZmQ1OTcxMmVhNGVkM2U3MWQxMjdhMTJmZTcsMSwx"
"Breuninger Data Product Owner","Data Product Owner","Breuninger","","2025-08-09","","2025-09-11","rejected","https://jobs.smartrecruiters.com/EBreuningerGmbHCo/744000075169136-data-product-owner-m-w-d-remote-moglich"
"Blacktide Partners Project Manager Electrical Engineering","Project Manager Electrical Engineering","Blacktide Partners","","2025-06-30","","2026-01-29","ghosted","https://www.linkedin.com/jobs/view/4258441310/?trackingId=Qz2Ztj3wSIy0ADzzxshpdA%3D%3D&refId=QiKBAbyZSAWdWdsym4LTCQ%3D%3D&midToken=AQEcO_kITRvO_Q&midSig=1L-QNGuxA9obQ1&trk=eml-email_application_confirmation_with_nba_01-applied_jobs-0-jobcard_body&trkEmail=eml-email_application_confirmation_with_nba_01-applied_jobs-0-jobcard_body-null-55irmn~mcj2noey~qa-null-null&eid=55irmn-mcj2noey-qa&otpToken=MTEwNDFmZTYxMjJhY2NjM2IxMjQwNGVkNDMxZmU1YmM4OWNkZDE0ODljYTg4YzYxNzljMjA1NmI0NzUyNWJmMWYzZGY4Zjk5NTFmYWMwZDU1MDk5ZDczZTVhZWQ5NzA3OGU5YzIyMDNhZDI0OTFhOGJmMmEsMSwx"
"Bundesnotarkammer Product Analytics Manager 1","Product Analytics Manager","Bundesnotarkammer","","2026-04-14","","","waiting","https://www.stepstone.de/stellenangebote--Product-Analytics-Manager-w-m-d-Berlin-Bundesnotarkammer--13868140-inline.html"
"Brightsmith Grid Connection Consultant","Grid Connection Consultant","Brightsmith","","2025-11-03","","2026-03-30","ghosted","https://www.linkedin.com/jobs/view/4320221414"
"Brightsmith Development Manager","Development Manager","Brightsmith","","2025-08-05","","2026-01-29","ghosted","https://www.linkedin.com/jobs/view/4280051858/?trackingId=c%2FSA3Md4TCyaQBEMZNtdnw%3D%3D&refId=E3Bj3w%2FZT0Ws78QWMwrDwg%3D%3D&midToken=AQEcO_kITRvO_Q&midSig=1QKyBpA8l8aHU1&trk=eml-email_application_confirmation_with_nba_01-applied_jobs-0-jobcard_body&trkEmail=eml-email_application_confirmation_with_nba_01-applied_jobs-0-jobcard_body-null-55irmn~mdyg6j4x~q0-null-null&eid=55irmn-mdyg6j4x-q0&otpToken=MTEwNDFmZTYxMjJhY2NjM2IxMjQwNGVkNDMxYWU0YmQ4ZGM2ZDA0ODk4YTg4ODYxNzljMjA1NmI0NzUyNWJmMWYzZGY5Mzk5NzdiNmM2ZjU2NDlmZDVkODE2MWMwN2IwNjlmYjQxNGIwNmJkMzc0ZTA1N2QsMSwx"
"Barmer Senior Feature Owner eCare & KI","Senior Feature Owner","Barmer","95000","2026-04-02","","2026-04-10","rejected","https://jobs.barmer.de/index.php?ac=jobad&id=4199"
"Circunomics Product Owner— Battery Analytics & Lifecycle Management Systems","Product Owner— Battery Analytics & Lifecycle Management Systems","Circunomics","","2025-08-20","","2025-09-24","ghosted","https://www.linkedin.com/jobs/view/4282832402/?trackingId=mc5iodO7T%2FK6N6XccMxQCQ%3D%3D&refId=lr%2BEuqKwRZioYmpO8bJjTQ%3D%3D&midToken=AQEcO_kITRvO_Q&midSig=0XaU_yYZ0PpXU1&trk=eml-jobs_jymbii_digest-job_card-0-jobcard_body&trkEmail=eml-jobs_jymbii_digest-job_card-0-jobcard_body-null-55irmn~medxabww~2u-null-null&eid=55irmn-medxabww-2u&otpToken=MTEwNDFmZTYxMjJhY2NjM2IxMjQwNGVkNDMxYmU0YjY4N2NiZDQ0NTk4YWI4NzYxNzljMjA1NmI0NzUyNWJmMWYzZGZhYzlkNGNkNGZjZjI2ZjlhMDNjOGZiMTA1MjdlYTU3NjRmZTIwZDg4OTNkOTEzOTQsMSwx"
"CENDAS Product Owner Team Lead","Product Owner","CENDAS","90000","2026-02-09","","2026-03-18","rejected","https://www.empfehlungsbund.de/jobs/284865/product-owner-saas-strich-team-lead-webapp-m-strich-w-strich-d-full-remote"
"DIS AG System Engineer","System Engineer","DIS AG","","2026-02-17","","","waiting","https://www.linkedin.com/jobs/view/4373566944"
"DeepRec.ai Senior System Architect","Senior System Architect","DeepRec.ai","","2025-05-12","","2026-01-29","ghosted",""
"Capgemini Protfolio Lead BESS","Protfolio Lead BESS","Capgemini","","2025-10-29","","2025-11-03","rejected","https://emp.jobylon.com/jobs/287276-capgemini-engineering-senior-portfolio-lead-battery-energy-storage-systems-bess-wmd/"
"Distribusion Technologies GmbH Technical Project Manager","Technical Project Manager","Distribusion Technologies GmbH","","2025-12-02","","2025-12-04","rejected","https://careers.distribusion.com/o/senior-technical-project-manager-fluent-german-speaker-all-genders"
"Done!Berlin für trawa Project Manager Industriespeicher","Project Manager Industriespeicher","Done!Berlin für trawa","","2025-11-06","","2025-12-10","rejected","https://www.linkedin.com/jobs/view/4315805895/"
"EDF Product Manager BESS","Product Manager BESS","EDF","108000","2025-07-22","","2025-08-08","rejected",""
"ENNOVI Senior Requirements Engineer","Senior Requirements Engineer","ENNOVI","","2025-07-22","","2026-01-29","ghosted","https://www.linkedin.com/jobs/view/4270227412/?trackingId=2PTw5XlORUOvPXy8GAMypw%3D%3D&refId=l3b%2Bbo1pQyCGqI%2Bhb3Bv%2FQ%3D%3D&midToken=AQEcO_kITRvO_Q&midSig=303kzsM2ngSXQ1&trk=eml-email_application_confirmation_with_nba_01-applied_jobs-0-jobcard_body&trkEmail=eml-email_application_confirmation_with_nba_01-applied_jobs-0-jobcard_body-null-55irmn~mdeij10u~6l-null-null&eid=55irmn-mdeij10u-6l&otpToken=MTEwNDFmZTYxMjJhY2NjM2IxMjQwNGVkNDMxZGU2YmM4OGNiZDI0NDkwYTY4NzYxNzljMjA1NmI0NzUyNWJmMWYzZGZkNDhiNTJkNmNmZTY1MDk5MGQzNzgzZWRjNjU0ZmMxNTNlYTQzMzEwNTNhNTM4MDIsMSwx"
"Cognigy Technical Product Owner","Technical Product Owner","Cognigy","99500","2025-08-06","","2025-09-02","rejected","https://careers.cognigy.com/_/j/880F1D6404/"
"Dunia PO (spont. application)","PO (spont. application)","Dunia","95000","2025-08-15","","2025-09-26","ghosted","https://www.linkedin.com/jobs/view/4282898700"
"EarthStream Global Battery Expert DACH","Battery Expert DACH","EarthStream Global","","2025-11-03","","2026-03-30","ghosted","https://www.linkedin.com/jobs/view/4316611648"
"Ecoturn Elektrovorteil Plattform Migration & Produktentwicklung","Product Owner","Ecoturn GmbH","86000","2026-04-09","","","waiting","https://join.com/companies/elektrovorteil/15960663-product-owner-plattform-migration-und-produktentwicklung-m-w-d"
"Emagine Project Engineering Manager","Project Engineering Manager","Emagine","","2025-09-16","","2025-10-28","ghosted","https://portal.emagine.org/jobs/170371/project-engineering-manager-pem-mwd?utm_source=LinkedIn"
"Ember Energy Analyst","Energy Analyst","Ember","","2025-08-11","","2025-10-02","rejected","https://www.linkedin.com/jobs/view/4275634493"
"Emurgo Web3 Technical Business Analyst","Web3 Technical Business Analyst","Emurgo","","2025-07-31","","2026-01-29","ghosted","https://www.linkedin.com/jobs/view/4233800709/?trackingId=sEzy1d5rR4qg6th8iAMBwA%3D%3D&refId=yRUOF9GRRt2yBfvZjQ3rUg%3D%3D&midToken=AQEcO_kITRvO_Q&midSig=35-SwdEAAL3HU1&trk=eml-email_application_confirmation_with_nba_01-applied_jobs-0-jobcard_body&trkEmail=eml-email_application_confirmation_with_nba_01-applied_jobs-0-jobcard_body-null-55irmn~mdrb8r8k~n3-null-null&eid=55irmn-mdrb8r8k-n3&otpToken=MTEwNDFmZTYxMjJhY2NjM2IxMjQwNGVkNDMxZGVlYjI4ZWNjZDc0NTlhYWY4ZTYxNzljMjA1NmI0NzUyNWJmMWYzZGZhMzgzNjBkNmMwZjk2Mjg4NjJjNjJkNjhiNWQ1YWFkNDY5MDQwZDMzOWZkNmNhNTgsMSwx"
"Enpal Senior Project Manager","Senior Project Manager","Enpal","95000","2025-10-28","","2025-10-28","rejected","https://www.linkedin.com/jobs/view/4314058035"
"Cint Senior Product Manager","Senior Product Manager","Cint","","2025-06-16","","2026-01-29","ghosted","https://www.linkedin.com/jobs/view/4247145396/?trackingId=OPJK11XGRzenLZyNb5cakw%3D%3D&refId=DKBxAM5oTV%2BCXGrE9oh%2BEg%3D%3D&midToken=AQEcO_kITRvO_Q&midSig=0K-GbXQ7aA4rQ1&trk=eml-email_application_confirmation_with_nba_01-applied_jobs-0-jobcard_body&trkEmail=eml-email_application_confirmation_with_nba_01-applied_jobs-0-jobcard_body-null-55irmn~mbz5qb0e~pb-null-null&eid=55irmn-mbz5qb0e-pb&otpToken=MTEwNDFmZTYxMjJhY2NjM2IxMjQwNGVkNDMxZWU3YmM4ZGNmZDg0MTlhYWU4YTYxNzljMjA1NmI0NzUyNWJmMWYzZGZiMTgxNzViMGI5Yzg1ZTg5ZmFlNjYyMWM5MzNiZDgxMDk5NTFkYzc5NzA2YTlmMWQsMSwx"
"Eucon Digital GmbH Senior Data Analyst","Senior Data Analyst","Eucon Digital GmbH","88000","2026-01-29","","2026-02-20","rejected","https://app.instaffo.com/candidate/job/282b6e72-56c9-446d-a186-84b2465d2e31?chat=1"
"EY Manager","Manager","EY","94000","2025-08-21","","2025-08-26","rejected",""
"Executive Integrity B Corp Technical Project Manager","Technical Project Manager","Executive Integrity B Corp","","2025-05-28","","2025-05-31","rejected","https://www.linkedin.com/jobs/view/4239594414/?trackingId=&refId=&midToken=AQEcO_kITRvO_Q&midSig=1eGo09RwKLKbM1&trk=eml-email_jobs_application_rejected_01-applied_jobs-0-applied_job&trkEmail=eml-email_jobs_application_rejected_01-applied_jobs-0-applied_job-null-55irmn~mbck8n1u~pv-null-null&eid=55irmn-mbck8n1u-pv&otpToken=MTEwNDFmZTYxMjJhY2NjM2IxMjQwNGVkNDIxNmUwYjU4YWM2ZDA0NDljYWU4YTYxNzljMjA1NmI0NzUyNWJmMWYzZGZiMWI3NDFlYmNjZDU1Yzg5ODQ4ZjJhZDRlYjVkYTdhNGUxNWNiM2E3ODlkZWU1ZGMsMSwx"
"Fichtner (Senior) Consultant - (Senior) Berater Asset Management and Technology","(Senior) Consultant / (Senior) Berater Asset Management and Technology","Fichtner","95000","2025-12-08","","2026-01-08","rejected","https://www.karriere.fichtner.de/stellenportal/senior-consultant-asset-management-technology"
"Enpal Senior Technical Product Manager - Fleet Operations & Monitoring","Senior Technical Product Manager - Fleet Operations & Monitoring","Enpal","","2025-07-23","","2025-08-06","rejected","https://www.linkedin.com/jobs/view/4266566175/?trackingId=qGwo81G%2FRc%2BMDP28nAtVEA%3D%3D&refId=hzzt1893RaWQxS7yXDgkuA%3D%3D&midToken=AQEcO_kITRvO_Q&midSig=3Aj00pmoLkuXU1&trk=eml-email_job_applications_update_digest_01-job_updates-0-job_updates_app_card&trkEmail=eml-email_job_applications_update_digest_01-job_updates-0-job_updates_app_card-null-55irmn~mej5wg90~r7-null-null&eid=55irmn-mej5wg90-r7&otpToken=MTEwNDFmZTYxMjJhY2NjM2IxMjQwNGVkNDMxYmUxYjA4YWNkZDc0NTliYWM4ZjYxNzljMjA1NmI0NzUyNWJmMWYzZGZkMmIxNWFjM2RlY2I2MWE1MjRkMmViMjE4N2Y3MjU4NWM4Zjc0OWRjZjZiMjRkM2QsMSwx"
"HCLTech Germany Digital Product Lead","Digital Product Lead","HCLTech","","2025-08-05","","2026-01-29","ghosted","https://www.linkedin.com/jobs/view/4268998226"
"Eplan Data Scientist System Architect","Data Scientist/ System Architect (m/w/d) Prototyping","Eplan GmbH","","2026-03-04","","2026-03-23","rejected","https://career.friedhelm-loh-group.com/offer/data-scientist-system-architect-m-w/25621557-e06e-4466-bf02-ee686cd4e70d?showApplicationForm=false"
"HiTHIUM Project Developer","Project Developer","HiTHIUM","","2025-08-05","","2026-01-29","ghosted","https://www.linkedin.com/jobs/view/4278308579"
"Hiring Cafe Founding Engineer","Founding Engineer","Hiring Cafe","","2026-02-02","","","waiting","https://docs.google.com/document/d/1hJl0VtyiywYc9DR2Da0iEdtLFYyCVyzEOcVHdXeJASA/edit?tab=t.0"
"IONOS SE Team Lead (w-m-d) - Site Reliability Engineer-GoLang","Team Lead (w/m/d) - Site Reliability Engineer/GoLang","IONOS SE","","2025-05-29","","2025-08-11","rejected",""
"Insurgo Product Manager (remote)","Product Manager","Insurgo GmbH","89000","2026-03-30","","2026-04-08","rejected","https://www.linkedin.com/jobs/view/4391684063/"
"Interv_I Group B Corp Technical Project Manager EV Charging DACH","Technical Project Manager EV Charging DACH","Interv_I Group B Corp","","2025-05-21","","2026-01-29","ghosted","https://www.linkedin.com/jobs/view/4230592453/?trackingId=YQtKqqRjQJifVmunDcqVRg%3D%3D&refId=wbUJ6Fz9SMKHVzTGNDRDYg%3D%3D&midToken=AQEcO_kITRvO_Q&midSig=3MlBBCTO_jvHM1&trk=eml-email_application_confirmation_with_nba_01-applied_jobs-0-jobcard_body&trkEmail=eml-email_application_confirmation_with_nba_01-applied_jobs-0-jobcard_body-null-55irmn~maxv4ji9~u8-null-null&eid=55irmn-maxv4ji9-u8&otpToken=MTEwNDFmZTYxMjJhY2NjM2IxMjQwNGVkNDIxOWVmYjY4OGNlZDk0NjlkYWU4ZTYxNzljMjA1NmI0NzUyNWJmMWYzZGY5ZmFiNjRlNmU2ZDQ0NTg3M2U1NTJlM2E4YjI5YzFkMTJmMmM2NjBmMjFhOGM0YzIsMSwx"
"JMC Hotelmarketing Data Analyst","Data Analyst","JMC Hotelmarketing","","2026-02-23","","","waiting","https://www.arbeitsagentur.de/jobsuche/jobdetail/10001-1002558864-S"
"HUBLE Technical Project Manager","Technical Project Manager","HUBLE","108000","2025-06-30","","2025-07-01","rejected","https://docs.google.com/document/d/e/2PACX-1vRqr0DsNd4JzOQmMOamvWX61P7awSr-ip1S6w9MVB3wJYDuHkDKU7ghIy9GP_QA2w/pub?urp=gmail_link"
"Juniz Projektleiter (m-w-d) – Batteriegroßspeicher (BESS)","Projektleiter (m/w/d) – Batteriegroßspeicher (BESS)","Ju:niz","95000","2025-12-09","","2025-12-29","rejected","https://juniz-energy.jobs.personio.com/job/2411872?language=de&display=de"
"Juniz Teamlead (m-w-d) Co-Development & M&A – Energy Storage Projects","Teamlead (m/w/d) Co-Development & M&A – Energy Storage Projects","Ju:niz","95000","2025-12-09","","2026-01-15","rejected","https://juniz-energy.jobs.personio.com/job/2422271?language=de&display=de#apply"
"Europace AG Senior Data Analyst","Senior Data Analyst","Europace AG","90000","2026-03-20","2026-03-26","2026-03-30","rejected","https://www.linkedin.com/jobs/view/4375365288/"
"KPMG Data Solutions Specialist","Data Solutions Specialist","KPMG","","","","","open","https://www.stepstone.de/stellenangebote----12757461-inline.html?CID=R_EM_JaJob_DE_ST_15082025_jobTitle&lang=de&adjust_t=1bgr3y8t_1bzc1r1h&adjust_campaign=JA&offer_position=3"
"Körber Digital Strategic Project & Innovation Manager","Strategic Project & Innovation Manager","Körber Digital","94000","2025-08-19","","2025-09-08","rejected","https://jobs.koerber.com/digital/job/Porto-Strategic-Project-&-Innovation-Manager/1236598301/"
"Lifecycle Experts GmbH MBSE Consultant","MBSE Consultant","Lifecycle Experts GmbH","105000","2025-05-11","","2025-11-05","ghosted",""
"FlyPix.AI Project Manager","Project Manager","FlyPix.AI","","2025-06-05","","2026-01-29","ghosted","https://www.linkedin.com/jobs/view/4241855740/?trackingId=Lnq1XTUGRri8opecFzXk6A%3D%3D&refId=h4aryHsFQGq%2BgZvVBSb4iw%3D%3D&midToken=AQEcO_kITRvO_Q&midSig=1_RtmIwOmbYHM1&trk=eml-email_job_applications_update_digest_01-job_updates-0-job_updates_app_card&trkEmail=eml-email_job_applications_update_digest_01-job_updates-0-job_updates_app_card-null-55irmn~mbr9d64t~2i-null-null&eid=55irmn-mbr9d64t-2i&otpToken=MTEwNDFmZTYxMjJhY2NjM2IxMjQwNGVkNDIxN2UxYjQ4YmNiZDQ0NTlhYWU4YzYxNzljMjA1NmI0NzUyNWJmMWYzZGY4OGJhNmVjYWQwZDc3M2I5ZGU3YWZjODIzYzllZjE4MjMzNTdjYzUwYTNiN2EyNWQsMSwx"
"MACH AG System Architect","System Architect","MACH AG","","2025-05-13","","2025-05-13","rejected","https://www.linkedin.com/jobs/view/4211419891/?trackingId=&refId=&midToken=AQEcO_kITRvO_Q&midSig=0lYpzw8iiBorM1&trk=eml-email_jobs_application_rejected_01-applied_jobs-0-applied_job&trkEmail=eml-email_jobs_application_rejected_01-applied_jobs-0-applied_job-null-55irmn~maqg9kgm~hq-null-null&eid=55irmn-maqg9kgm-hq&otpToken=MTEwNDFmZTYxMjJhY2NjM2IxMjQwNGVkNDIxOWU0YjM4N2M2ZDc0NTlkYWE4YjYxNzljMjA1NmI0NzUyNWJmMWYzZGY4NmEzNTNlZmYxZmI3YmY4NGYxY2FkYzRiOWRlMTU0MDdkY2UzMGEzMGZjOTRhYjAsMSwx"
"MAM Gruppe Senior Data & Insights Controler","Senior Data & Insights Controler","MAM Gruppe","","2025-08-06","","2025-08-09","rejected","https://www.linkedin.com/jobs/view/4257004064/?trackingId=ZZcer1i%2BRquoZtRCP2XoUw%3D%3D&refId=LvriAKXKTZ%2Brfdd8vDNqPw%3D%3D&midToken=AQEcO_kITRvO_Q&midSig=1FgOoXXp_lbXU1&trk=eml-email_application_confirmation_with_nba_01-applied_jobs-0-jobcard_body&trkEmail=eml-email_application_confirmation_with_nba_01-applied_jobs-0-jobcard_body-null-55irmn~mdzuy7bu~io-null-null&eid=55irmn-mdzuy7bu-io&otpToken=MTEwNDFmZTYxMjJhY2NjM2IxMjQwNGVkNDMxYWUzYjM4N2NlZDg0MDk5YWM4YjYxNzljMjA1NmI0NzUyNWJmMWYzZGY5NmEwNDRmMWVhODg0NWFmNWI1MzkzOGVhZTBjNWUwNTI4MzFmMTY2ZTljODNlMzUsMSwx"
"MOIA Technical Product Manager","Technical Product Manager","MOIA","","2026-01-12","","2026-01-19","rejected","https://www.moia.io/en/job/4750770101?locale=en"
"Jobgether Business Analyst Product-Focus","Business Analyst","Jobgether","","2026-04-09","","","waiting","https://www.linkedin.com/jobs/view/4393807111/?trk=eml-jobs_jymbii_digest-job_card-0-jobcard_body_4393807111&refId=jF9XX1hMSSC7guoMKsJkvw%3D%3D&trackingId=FOhhD3%2B8SKmnGQjVQc0fiA%3D%3D"
"KIGYO Projektentwickler PV & BESS - Remote Germany","Projektentwickler PV & BESS - Remote Germany","KIGYO","","2025-12-05","","2026-03-30","ghosted","https://www.linkedin.com/jobs/view/4325781050"
"Makersite GmbH Engineering Manager","Engineering Manager","Makersite GmbH","90000","2026-02-11","","2026-02-13","rejected","https://makersitegmbh.recruitee.com/o/engineering-manager-mfx"
"Metric Geo Technical Project Lead","Technical Project Lead","Metric Geo","","2025-06-10","","2025-08-13","rejected","https://www.linkedin.com/jobs/view/4248062222/?trackingId=&refId=&midToken=AQEcO_kITRvO_Q&midSig=1vRWwxanMY0rQ1&trk=eml-email_jobs_application_rejected_01-applied_jobs-0-applied_job&trkEmail=eml-email_jobs_application_rejected_01-applied_jobs-0-applied_job-null-55irmn~mbuzq3d1~xv-null-null&eid=55irmn-mbuzq3d1-xv&otpToken=MTEwNDFmZTYxMjJhY2NjM2IxMjQwNGVkNDIxN2VmYjc4ZmNjZDA0NDk4YTY4ZjYxNzljMjA1NmI0NzUyNWJmMWYzZGZhMmE2NjhjZWRhZmY2NDlkYWNlYTk4Nzk3OWYyN2UxYzIyYmI2YTQ4NWFiZjM3ZjksMSwx"
"M&M Product Owner","Product Owner","M&M Software GmbH","","2026-03-31","","2026-04-10","rejected",""
"Morrow Collective Project Delivery Lead","Project Delivery Lead","Morrow Collective","","2025-08-06","","2026-01-29","ghosted",""
"NOVO Teamleitung Energieberatung & Energieeffizienz Gebäude","Teamleitung Energieberatung & Energieeffizienz Gebäude","NOVO","","2025-12-05","","2025-12-08","rejected","https://www.linkedin.com/jobs/view/4348690542/"
"NTT DATA Senior Data Architect","Senior Data Architect","NTT DATA","90000","2026-04-08","","","waiting","https://www.stepstone.de/stellenangebote--Senior-Data-Architect-w-m-x-Muenchen-Frankfurt-a-M-Stuttgart-Koeln-Hamburg-Ettlingen-Wolfsburg-Erfurt-Rosenheim-Berlin-NTT-DATA--13808346-inline.html"
"Nagarro SAP Technical Project Lead","SAP Technical Project Lead","Nagarro","","2025-05-18","","2025-05-22","rejected","https://www.linkedin.com/jobs/view/3966857461/?trackingId=B2SgXoqlRUOcPdUnWNrBBQ%3D%3D&refId=w1rm0rCLRQiDDQ5gCwKqnw%3D%3D&midToken=AQEcO_kITRvO_Q&midSig=29Ep46FdMNrXM1&trk=eml-email_application_confirmation_with_nba_01-applied_jobs-0-jobcard_body&trkEmail=eml-email_application_confirmation_with_nba_01-applied_jobs-0-jobcard_body-null-55irmn~matw622n~p4-null-null&eid=55irmn-matw622n-p4&otpToken=MTEwNDFmZTYxMjJhY2NjM2IxMjQwNGVkNDIxOWUyYmM4OWM3ZDg0Mjk5YTY4ZjYxNzljMjA1NmI0NzUyNWJmMWYzZGY4MGU1NmJjMmZkZjA1NDlkYmE4N2YxY2NiNTJhYjkyZGYyNzE5OTYwZjQ1NjFkMGIsMSwx"
"Next Kraftwerke Solution Architect","Solution Architect","Next Kraftwerke","","2025-12-08","","2025-12-16","rejected","https://www.next-kraftwerke.de/jobs"
"Makersite Engineering Manager","Engineering Manager","Makersite GmbH","90000","2026-02-11","","2026-02-13","rejected","https://makersitegmbh.recruitee.com/o/engineering-manager-mfx"
"Nordex Engineering Project Manager","Engineering Project Manager","Nordex","95000","2025-10-28","","2025-11-05","rejected",""
"Nortal Product Owner","Product Owner","Nortal","88000","2026-03-30","2026-04-14","","interviewing","https://careers.nortal.com/de-de/?openJob=5582"
"One Point Four Degrees New Projects Manager (Energy)","New Projects Manager (Energy)","One Point Four Degrees","","2025-12-03","","2026-03-30","ghosted","https://www.linkedin.com/jobs/view/4340746225/"
"Optimus Research ERFAHRENER ANFORDERUNGS-ENTWICKLERIN","ERFAHRENE:R ANFORDERUNGS-ENTWICKLER:IN","Optimus Research","","2025-08-22","","2025-08-25","rejected","https://www.linkedin.com/jobs/view/4283601170/?alternateChannel=search&eBP=CwEAAAGY0QMfYOcYH1hl4Va6kp2DZHvRIQkmTdbPzGcbCeqk6CU6jpPBpeDhHKOrF7MHQ6gEiV4m_GlUAWNhU9CqOUjFjrVNGT29ycMF7ROy73Jk1Umkjmbd3s689U55jUQxD7gemM-N189sOgMeH0pkG37yaBUKoLcC-ggrHcmxU2UghJ7d-yv4IKfo-FfcjSvweHIFL1btcFBKeCaRmpgOaFVRNWdVXqetMZ0x70UdRSalKG5pXD15mNrPamkgrMg2ipKRJ27p1XeLwpsYu3QK95Jb9Cmmcp28lIoxz4p0iaEiaGXrBm6J7GsJRIdzFi7u4ztzWz1oF826c0yd6-DRTcsuh5oEdueClDdCEZbhNlrL6XF8vP52bV7yBT8PS2oCzceASCQLAfHdal_RoX9-J_BVZwDxJwRGnqGx03NUdhTHICBjyyefacT5qMVH7a_GdtMoEd_urGUpDkDWVMqQBeqPeH0&refId=33ZHhrQeeRnJKY8SjAXEJA%3D%3D&trackingId=q1nAtWeRsIjMYM20rpvC7g%3D%3D"
"Optimus Search Requirements Engineer Batteriespeicher","Requirements Engineer Batteriespeicher","Optimus Search","","2025-07-30","","2025-08-02","rejected","https://www.linkedin.com/jobs/view/4270154552/?refId=b%2BGzfj91TGSnec3%2BQ9O3dQ%3D%3D&trackingId=jIvd%2Bdx4T8OhlcXqPCAb5A%3D%3D"
"Optimus Search Requirements Engineer","Requirements Engineer","Optimus Search","","2025-08-05","","2026-01-29","ghosted","https://www.linkedin.com/jobs/view/4269666151/?trackingId=sZahpYq0Qyqtc0hdNXkwkA%3D%3D&refId=CNXGNmLpS6uAkkWJuaiqAg%3D%3D&midToken=AQEcO_kITRvO_Q&midSig=3cJMAWLNgUaHU1&trk=eml-email_application_confirmation_with_nba_01-applied_jobs-0-jobcard_body&trkEmail=eml-email_application_confirmation_with_nba_01-applied_jobs-0-jobcard_body-null-55irmn~mdyfmdf2~b5-null-null&eid=55irmn-mdyfmdf2-b5&otpToken=MTEwNDFmZTYxMjJhY2NjM2IxMjQwNGVkNDMxYWU0YmQ4ZWM2ZDY0ODk5YWY4ZDYxNzljMjA1NmI0NzUyNWJmMWYzZGZhYWIwNTRkOGQxZjU0NjgwOTI3YjA0OTRiZGE0NDUwNTNjMGQzMzM1MWVmYjFkYTgsMSwx"
"Optimus Search Senior Systems Expert (Battery Storage)","Senior Systems Expert (Battery Storage)","Optimus Search","","2025-07-08","","2026-01-29","ghosted",""
"Optimus Search System Engineer 1","System Engineer","Optimus Search","","2025-05-25","","2026-01-29","rejected",""
"Optimus Search System Engineer 2","System Engineer","Optimus Search","","2025-07-26","","2026-01-29","ghosted","https://www.linkedin.com/jobs/view/4269659289/?trackingId=lABQHRd1SRiFlQ768jFWHQ%3D%3D&refId=PffKpfcQQuGLc1Nk%2BLjO4g%3D%3D&midToken=AQEcO_kITRvO_Q&midSig=1av6rkOYN5YHQ1&trk=eml-email_application_confirmation_with_nba_01-applied_jobs-0-jobcard_body&trkEmail=eml-email_application_confirmation_with_nba_01-applied_jobs-0-jobcard_body-null-55irmn~mdk7xpw9~0-null-null&eid=55irmn-mdk7xpw9-0&otpToken=MTEwNDFmZTYxMjJhY2NjM2IxMjQwNGVkNDMxZGUyYjc4ZGNhZDc0MjljYWU4YzYxNzljMjA1NmI0NzUyNWJmMWYzZGZkNDk0NzBlOGM4ZGUwNjk4MzhkYzFiZDM3ZDNkNjFjMTAxMWZmNDk5YzA4ODMxZTYsMSwx"
"Optimus Search System Engineer 3","System Engineer","Optimus Search","","2025-05-02","","2026-01-29","rejected","https://www.linkedin.com/jobs/view/4220091794/?trackingId=jA2TnGf0SpaCJqwPUlUaLw%3D%3D&refId=yCb2wMyEQN2NhVhc2HMvZQ%3D%3D&midToken=AQEcO_kITRvO_Q&midSig=27WMoUg1mZ5bM1&trk=eml-email_application_confirmation_with_nba_01-applied_jobs-0-job_posting&trkEmail=eml-email_application_confirmation_with_nba_01-applied_jobs-0-job_posting-null-55irmn~ma6wzitg~7x-null-null&eid=55irmn-ma6wzitg-7x&otpToken=MTEwNDFmZTYxMjJhY2NjM2IxMjQwNGVkNDIxOGU2YmQ4OGM4ZDM0NDllYWU4YTYxNzljMjA1NmI0NzUyNWJmMWYzZGZiMDgwNzJjNGQzZGQ3OWJlYmQ0MWE1NTczZDI0ODA3ODJiY2NjYjkxNmY5Nzg5MWMsMSwx"
"Optimus Search System Engineer","System Engineer","Optimus Search","","2025-07-09","","2026-01-29","ghosted",""
"Optimyze Consulting Network Team Lead","Network Team Lead","Optimyze Consulting","","2025-05-27","","2025-06-30","rejected","https://www.linkedin.com/jobs/view/4240106516/?trackingId=&refId=&midToken=AQEcO_kITRvO_Q&midSig=2F5tP31_myIbM1&trk=eml-email_jobs_application_rejected_01-applied_jobs-0-applied_job&trkEmail=eml-email_jobs_application_rejected_01-applied_jobs-0-applied_job-null-55irmn~mbaikq3c~ws-null-null&eid=55irmn-mbaikq3c-ws&otpToken=MTEwNDFmZTYxMjJhY2NjM2IxMjQwNGVkNDIxNmUyYmQ4ZGNmZDc0NDkxYWM4OTYxNzljMjA1NmI0NzUyNWJmMWYzZGY4M2UxNjhiOGVmZjc1OGE4YzI2ZjI2NTBjODIzY2YwMWEzNTJkMTg5MmZjYmQyMGYsMSwx"
"MaxSolar GmbH (Senior) Projektentwickler – BESS (m-w-d)","(Senior) Projektentwickler – BESS (m/w/d)","MaxSolar GmbH","95000","2025-12-05","","2025-12-18","rejected","https://www.stepstone.de/jobs----13137968-inline.html"
"Nagarro Proposal & Project Management Coordinator","Proposal & Project Management Coordinator","Nagarro","95000","2025-11-06","","2025-11-12","rejected","https://www.linkedin.com/jobs/view/4321072063/"
"PROTH!NX Product Owner","Product Owner","PROTH!NX","","","","","open","https://www.linkedin.com/jobs/view/4282833464/?trackingId=Db7yaPLTR8egZCv7ccEUJQ%3D%3D&refId=Mk4ZOglBRJe7fKmquAiAHg%3D%3D&midToken=AQEcO_kITRvO_Q&midSig=0XaU_yYZ0PpXU1&trk=eml-jobs_jymbii_digest-job_card-0-jobcard_body&trkEmail=eml-jobs_jymbii_digest-job_card-0-jobcard_body-null-55irmn~medxabww~2u-null-null&eid=55irmn-medxabww-2u&otpToken=MTEwNDFmZTYxMjJhY2NjM2IxMjQwNGVkNDMxYmU0YjY4N2NiZDQ0NTk4YWI4NzYxNzljMjA1NmI0NzUyNWJmMWYzZGZhYzlkNGNkNGZjZjI2ZjlhMDNjOGZiMTA1MjdlYTU3NjRmZTIwZDg4OTNkOTEzOTQsMSwx"
"PURVIEW Project Lead in Data Science & AI","Project Lead in Data Science & AI","PURVIEW","","2025-05-15","","2025-05-18","rejected","https://www.linkedin.com/jobs/view/4227985438/?trackingId=&refId=&midToken=AQEcO_kITRvO_Q&midSig=0mrpXRmsnIrHM1&trk=eml-email_jobs_application_rejected_01-applied_jobs-0-applied_job&trkEmail=eml-email_jobs_application_rejected_01-applied_jobs-0-applied_job-null-55irmn~mattoeo4~m1-null-null&eid=55irmn-mattoeo4-m1&otpToken=MTEwNDFmZTYxMjJhY2NjM2IxMjQwNGVkNDIxOWUyYmM4ZGM2ZDA0MTlhYWE4ZDYxNzljMjA1NmI0NzUyNWJmMWYzZGY5Zjg1NTBkMGI4ODM2NTk4NmYyNzBlYWQ4YzQxOWExMTZhMzFhOWI2NWEzYjk5YTksMSwx"
"Packmatic Product Lead","Product Lead","Packmatic","","2025-05-27","","2025-06-30","rejected","https://www.linkedin.com/jobs/view/4237532127/?trackingId=&refId=&midToken=AQEcO_kITRvO_Q&midSig=3KvFp6WrjAIrM1&trk=eml-email_jobs_application_rejected_01-applied_jobs-0-applied_job&trkEmail=eml-email_jobs_application_rejected_01-applied_jobs-0-applied_job-null-55irmn~mbau49vd~ma-null-null&eid=55irmn-mbau49vd-ma&otpToken=MTEwNDFmZTYxMjJhY2NjM2IxMjQwNGVkNDIxNmUxYjU4ZWNhZDY0Nzk5YWM4ZTYxNzljMjA1NmI0NzUyNWJmMWYzZGZkMGJkNDZkYWRhODY0MjliN2U5ZjM5MjBlZjMzMmEwZjU3ZTY4OGE0M2M2NWJiMjAsMSwx"
"Perspective Senior Platform Engineer","Senior Platform Engineer","Perspective","","2026-02-03","","2026-02-17","rejected",""
"Piper Maddox Head of BESS Engineering","Head of BESS Engineering","Piper Maddox","","2025-10-30","","2026-03-30","ghosted","https://www.linkedin.com/jobs/view/4316958848/"
"Piper Maddox Senior Projectentwickler BESS","Senior Projectentwickler BESS","Piper Maddox","","2025-07-30","","2026-01-29","ghosted","https://www.linkedin.com/jobs/view/4241145700/?trackingId=zDL%2BVjn9QGOiOXdMkljKkQ%3D%3D&refId=rQ263IGxT%2B%2BILDIsY0wt%2FA%3D%3D&midToken=AQEcO_kITRvO_Q&midSig=2ImtjWWWNP2bU1&trk=eml-email_application_confirmation_with_nba_01-applied_jobs-0-jobcard_body&trkEmail=eml-email_application_confirmation_with_nba_01-applied_jobs-0-jobcard_body-null-55irmn~mdpushbi~xb-null-null&eid=55irmn-mdpushbi-xb&otpToken=MTEwNDFmZTYxMjJhY2NjM2IxMjQwNGVkNDMxZGVmYjM4Y2NmZDU0MzliYTk4OTYxNzljMjA1NmI0NzUyNWJmMWYzZGZiM2ExNzBmNGUxODQ1ZGYyMjViYmMxMzY3YjdiODVkZjc4NTdkMWQ2NjZlOThlNzMsMSwx"
"PDR Cloud Technical Product Owner","Product Owner","PDR.Cloud GmbH","88000","2026-02-13","","2026-03-04","rejected","https://app.instaffo.com/candidate/job/e3896552-94b5-4176-97aa-9af2a6bffdc4?chat=1"
"PrimeIT Data Analyst Qlik","Data Analyst Qlik","PrimeIT","","2025-08-07","","2026-01-29","ghosted",""
"Proclinical Staffing Senior Technical Project Manager","Senior Technical Project Manager","Proclinical Staffing","","2025-05-21","","2025-06-21","rejected","https://www.linkedin.com/jobs/view/4226739283/?trackingId=2MdtHxGxRnS3w1ukBQpRdQ%3D%3D&refId=msCuKTmuRk6lo0i0VDG5ZQ%3D%3D&midToken=AQEcO_kITRvO_Q&midSig=3LcYvpy8PkvHM1&trk=eml-email_application_confirmation_with_nba_01-applied_jobs-0-jobcard_body&trkEmail=eml-email_application_confirmation_with_nba_01-applied_jobs-0-jobcard_body-null-55irmn~maxv5rkv~cq-null-null&eid=55irmn-maxv5rkv-cq&otpToken=MTEwNDFmZTYxMjJhY2NjM2IxMjQwNGVkNDIxOWVmYjY4OGNmZDU0NTljYWY4NzYxNzljMjA1NmI0NzUyNWJmMWYzZGY4MmI5MTZjZWVmZmI1N2JlOTA5MGM1NGZiMGFlZmRmYmE1N2NjMWYzYTg5MzVhNDAsMSwx"
"Procure AI Product Architect","Product Architect","Procure AI","","2026-03-27","","","waiting","https://revolutpeople.com/procureai/public/careers/position/product-architect-product-strategist-m-f-d-cb034a3e-d087-4188-93c7-b6b810660e65"
"Plant Pharma Product Owner","Product Owner","Plant Pharma","","2026-03-31","","2026-04-03","rejected","https://www.linkedin.com/jobs/view/4390179149/?trk=eml-email_jobs_viewed_job_reminder_01-job_card-0-jobcard_body_4390179149&refId=GTgnCG6gRhaIXb%2FkAz2isw%3D%3D&trackingId=rOTPskdzRxe6KhIJtfd%2B3Q%3D%3D"
"PROLOGA Senior Product Owner Circular Economy","Senior Product Owner","PROLOGA GmbH","90000","2026-03-30","","2026-04-10","rejected","https://app.instaffo.com/candidate/job/b466b7f1-6fed-4310-a9fe-2abfa5e0dfc6?chat=1"
"PwC Berater Data & Analytics Strategie (w-m-d)(1054)","Berater Data & Analytics Strategie (w/m/d)(1054)","PwC","95000","2025-11-08","","2025-11-14","rejected","https://jobs.pwc.de/de/en/job/1054/Berater-Data-Analytics-Strategie-w-m-d"
"REWE Product Owner Analytics","Product Owner Analytics","REWE Group","90000","2026-02-09","","2026-03-30","rejected","https://karriere.rewe-group.com/konzernzentrale/job/Köln-%28Senior%29-Product-Owner-Analytics-%28mwd%29-NW-50933/1273582801/?feedId=172701&utm_source=careersite&utm_campaign=rewe"
"Remobi Data Engineer","Data Engineer","Remobi","","2026-03-23","","2026-03-26","rejected","https://www.linkedin.com/jobs/view/4385926011/?trk=eml-email_jobs_viewed_job_reminder_01-job_card-0-jobcard_body_4385926011&refId=Dvl3ONFJTYS%2FfzI8dt2zdQ%3D%3D&trackingId=HdptWTXYR9m1KZK%2By55Isw%3D%3D"
"Remobi Project Lead","Project Lead","Remobi","","2025-08-06","","2025-08-11","rejected","https://www.linkedin.com/jobs/view/4278807929/?trackingId=&refId=&midToken=AQEcO_kITRvO_Q&midSig=2O-PlulUYRjbU1&trk=eml-email_jobs_application_rejected_01-applied_jobs-0-applied_job&trkEmail=eml-email_jobs_application_rejected_01-applied_jobs-0-applied_job-null-55irmn~me72fuul~pe-null-null&eid=55irmn-me72fuul-pe&otpToken=MTEwNDFmZTYxMjJhY2NjM2IxMjQwNGVkNDMxYWVlYjU4Y2M3ZDU0OTk4YWY4ZDYxNzljMjA1NmI0NzUyNWJmMWYzZGY4Zjg3NmVjMWJiZTE0NzhlYjI1MTE5OWU4ZWQ5ZmY0MzQ4MTFmZDkxYjM2NzEwM2UsMSwx"
"PROLOGA Senior Product Owner Utilities","Senior Product Owner","PROLOGA GmbH","90000","2026-03-30","","2026-04-10","rejected","https://app.instaffo.com/candidate/job/3ae145b6-582e-469d-b864-7fab1c3d0f09?chat=1"
"Rohde & Schwarz Hardware Systemarchitekt (m-w-d) für breitbandige Kommunikationssysteme","Hardware Systemarchitekt (m/w/d) für breitbandige Kommunikationssysteme","Rohde & Schwarz","95000","2025-07-30","","2025-09-02","rejected","https://www.rohde-schwarz.com/uk/career/jobs/hardware-systemarchitekt-m-w-d-fuer-breitbandige-kommunikationssysteme-job-detailpage_251563-1576706.html"
"Proxify Senior Data Engineer (Python)","Senior Data Engineer","Proxify","","2026-03-23","","","waiting","https://www.linkedin.com/jobs/view/4386732873/?trk=eml-email_jobs_viewed_job_reminder_01-job_card-0-jobcard_body_4386732873&refId=o4hsc7SwS6yNcz6mme6Imw%3D%3D&trackingId=XfdoZOR5QSeW4P3u0sWA7w%3D%3D"
"Rewe Data Scientist","Data Scientist","REWE Group","88000","2026-04-07","","2026-04-20","rejected","https://karriere.rewe-group.com/konzernzentrale/job/Köln-%28Senior%29-Data-Scientist-Analytics-%28mwd%29-NW-50933/1020187601/"
"SMART BMS AppExpert Project Lead","Project Lead SMART BMS","AppExpert","","2025-07-01","","2025-08-04","rejected",""
"SRG Project Development Team Lead","Project Development Team Lead","SRG","","2025-12-03","","2025-12-05","rejected","https://www.linkedin.com/jobs/view/4338781080/"
"Schneider Electric Data Center Solution Design Engineer","Data Center Solution Design Engineer","Schneider Electric","","2025-12-08","","2026-01-29","rejected","https://careers.se.com/jobs/100127?lang=de-de&previousLocale=en-US"
"Ratbacher Product Owner KI Produkte","Product Owner","Ratbacher","","2026-03-31","","2026-04-15","rejected","https://www.stepstone.de/stellenangebote--Product-Owner-AI-m-w-d-KI-Produkt-Manager-Karlsruhe-Pforzheim-Berlin-Frankfurt-Home-Office-Ratbacher-GmbH--13821215-inline.html?rltr=ma_ap_0_0_0_0_0"
"Siemens Energy Solution Architect","Solution Architect","Siemens Energy","","2025-08-13","","2025-08-24","rejected","https://jobs.siemens-energy.com/en_US/jobs/FolderDetail/HVDC-Solution-Architect-f-m-d/251386"
"Signify Technology Technical Project Manager","Technical Project Manager","Signify Technology","","2025-06-04","","","ghosted","https://www.linkedin.com/jobs/view/4237222672/?trackingId=&refId=&midToken=AQEcO_kITRvO_Q&midSig=0oOXlfLZrEQHM1&trk=eml-email_jobs_job_application_viewed_01-applied_jobs-0-applied_job&trkEmail=eml-email_jobs_job_application_viewed_01-applied_jobs-0-applied_job-null-55irmn~mbj82aig~6a-null-null&eid=55irmn-mbj82aig-6a&otpToken=MTEwNDFmZTYxMjJhY2NjM2IxMjQwNGVkNDIxN2U2YjU4N2M4ZDE0Njk4YWQ4ZDYxNzljMjA1NmI0NzUyNWJmMWYzZGY4OTgyNThlYWRkYzE2Yzk4MzFkYzg4NWY2OWQwMzhhOWE4YjhjM2ZmNmE0NWFiZjQsMSwx"
"Rola Requirements Engineer Business Analyst","Requirements Engineer Business Analysr","rola","","2026-02-28","","2026-03-17","rejected","https://www.stepstone.de/jobs----13579814-inline.html"
"Scieneers Team Lead Data Science","Team Lead","Scieneers","90000","2026-04-08","","2026-04-20","rejected","https://www.stepstone.de/stellenangebote--Senior-Data-Architect-w-m-x-Muenchen-Frankfurt-a-M-Stuttgart-Koeln-Hamburg-Ettlingen-Wolfsburg-Erfurt-Rosenheim-Berlin-NTT-DATA--13808346-inline.html"
"RoomPriceGenie Data Engineering Team Lead","Data Engineering Team Lead","RoomPriceGenie","89000","2026-03-17","","2026-03-20","rejected","https://roompricegenie.com/careers/?ashby_jid=692b389d-e435-428a-a3e2-c18611f3a451#jobs"
"Sunjob Consulting Senior Project Manager Battery Storage at Second Foundation","Senior Project Manager Battery Storage at Second Foundation","Sunjob Consulting","95000","2025-11-04","","2025-11-11","rejected","https://www.linkedin.com/jobs/view/4311955360/"
"SystemsAccountants Netsuite Project Lead","Netsuite Project Lead","SystemsAccountants","","2025-08-04","","2026-01-29","ghosted","https://www.linkedin.com/jobs/view/4263968911/?trackingId=MDCkAqlQQN%2Bc1rDFH%2FPbCA%3D%3D&refId=R4gD9mb7TKi5wjnynz00Kw%3D%3D&midToken=AQEcO_kITRvO_Q&midSig=0Lhb6eHK5P9HU1&trk=eml-email_application_confirmation_with_nba_01-applied_jobs-0-jobcard_body&trkEmail=eml-email_application_confirmation_with_nba_01-applied_jobs-0-jobcard_body-null-55irmn~mdxh3v5t~bk-null-null&eid=55irmn-mdxh3v5t-bk&otpToken=MTEwNDFmZTYxMjJhY2NjM2IxMjQwNGVkNDMxYWU0Yjc4Y2M3ZDk0NTljYWE4NzYxNzljMjA1NmI0NzUyNWJmMWYzZGY4ZTk2NzVjOGViZjg2MTgwMmQzNTA2MDA2N2EwZWQyODA2MmMwY2U0ZmUyMzI0ZWQsMSwx"
"THRYVE Product Analyst","Product Analyst","THRYVE","","2025-08-06","","2026-01-29","ghosted","https://www.linkedin.com/jobs/view/4275331648/?trackingId=UvDJwDyOT52svYH7VhkIGQ%3D%3D&refId=pGbQZjJsRQKLue7%2B%2BVf7kg%3D%3D&midToken=AQEcO_kITRvO_Q&midSig=1s_Ea5svbcbXU1&trk=eml-email_application_confirmation_with_nba_01-applied_jobs-0-jobcard_body&trkEmail=eml-email_application_confirmation_with_nba_01-applied_jobs-0-jobcard_body-null-55irmn~mdzumjus~kd-null-null&eid=55irmn-mdzumjus-kd&otpToken=MTEwNDFmZTYxMjJhY2NjM2IxMjQwNGVkNDMxYWUzYjM4OGNiZDM0NjlkYWU4ZTYxNzljMjA1NmI0NzUyNWJmMWYzZGZiMGJhMTNjN2VlZGE2ZmZkMzc1MTcwYzQzNjgyMzc4YTYzNzI4MDM4ODA4ZTUwNjQsMSwx"
"Solar-Log Product Owner","Product Owner","Solar-Log GmbH","","2026-04-08","2026-05-11","","interviewing","https://www.linkedin.com/jobs/view/4398370342/"
"SozialBank Senior Data Engineer","Senior Data Engineer","SozialBank AG","89000","2026-03-30","","2026-04-09","rejected","https://www.stepstone.de/stellenangebote--Senior-Data-Engineer-m-w-d-Koeln-SozialBank--13765731-inline.html"
"Taylor Hopkins Senior Power Systems Expert","Senior Power Systems Expert","Taylor Hopkins","","2025-10-28","","2026-03-23","ghosted","https://www.linkedin.com/jobs/view/4317592544/"
"Taylor Hopkins by Brunel System Engineer BESS Germany","System Engineer BESS Germany","Taylor Hopkins by Brunel","","2025-08-20","","2025-09-30","ghosted","https://www.linkedin.com/jobs/view/4286660361/?refId=&trackingId="
"Team EDDA Director BESS Engineering","Director BESS Engineering","Team EDDA","","2025-10-30","","2025-11-10","rejected","https://www.linkedin.com/jobs/view/4318982410/"
"Tomorrow Things Product Manager","Product Manager","Tomorrow Things","","2025-06-21","","2025-06-24","rejected","https://www.linkedin.com/jobs/view/4243865216/?trackingId=&refId=&midToken=AQEcO_kITRvO_Q&midSig=3Uw3v-0dvQfrQ1&trk=eml-email_jobs_application_rejected_01-applied_jobs-0-applied_job&trkEmail=eml-email_jobs_application_rejected_01-applied_jobs-0-applied_job-null-55irmn~mcaezqd8~c9-null-null&eid=55irmn-mcaezqd8-c9&otpToken=MTEwNDFmZTYxMjJhY2NjM2IxMjQwNGVkNDMxZWUwYjI4ZGM2ZDQ0MDllYTk4YjYxNzljMjA1NmI0NzUyNWJmMWYzZGZkMDk1NmJlZmRhYzgwN2YyYjA1NTJjYjQwZWNmN2NhNDU3OTE5OTBlMDU5ZDM0NTMsMSwx"
"Tibber Engineering Manager","Engineering Manager","Tibber","","2025-12-08","","2025-12-15","rejected","https://jobs.tibber.com/jobs/6531949-engineering-manager"
"Vattenfall Project Engineer - Battery Energy Storage Systems","Project Engineer - Battery Energy Storage Systems","Vattenfall","","2025-09-12","","2025-09-30","ghosted","https://careers.vattenfall.com/global/job/project-engineer-battery-energy-storage-systems-in-berlin-jid-49382?_atxsrc=LinkedIn&utm_source=LinkedIn&trid=2d92f286-613b-4daf-9dfa-6340ffbecf73"
"Venios GmbH Lead Produktmanagerin Smart Grid-Software","Lead Produktmanager:in Smart Grid-Software","Venios GmbH","88000","2026-01-23","","2026-01-30","rejected","https://app.instaffo.com/candidate/job/edb2d742-d059-4a28-ad22-17965da93c39?chat=1"
"Vention Senior Application Design Engineer - Robotics & Automation","Senior Application Design Engineer - Robotics & Automation","Vention","","","","","open","https://www.linkedin.com/jobs/view/4281851182/?trackingId=ugVTPohLSZqQTp5u%2BPJszQ%3D%3D&refId=qdFnwqDLRD65WXMgoClViQ%3D%3D&midToken=AQEcO_kITRvO_Q&midSig=3iy1ipBEvHsHU1&trk=eml-email_jobs_viewed_job_reminder_01-job_card-0-jobcard_body&trkEmail=eml-email_jobs_viewed_job_reminder_01-job_card-0-jobcard_body-null-55irmn~megwgd1f~9u-null-null&eid=55irmn-megwgd1f-9u&otpToken=MTEwNDFmZTYxMjJhY2NjM2IxMjQwNGVkNDMxYmUyYjQ4N2NiZDM0NzlkYTc4YTYxNzljMjA1NmI0NzUyNWJmMWYzZGZkM2E1NjlkYWJkYzU3NWY4MjQyNzRkOTViNTYwNzUwM2UzNjk1N2ZiNDg2YTdjYWUsMSwx"
"WEKA Technical Project Manager - Professional Services","Technical Project Manager","WEKA","","2025-12-18","","2026-03-23","ghosted","https://www.weka.io/company/careers/?gh_jid=5002037007"
"WeEngange Group  B Corp Product Manager (Hardware - Electronics)","Product Manager (Hardware / Electronics)","WeEngange Group | B Corp","","2025-10-09","","2026-03-23","ghosted","https://www.linkedin.com/jobs/view/4311665108/"
"SpotmyEnergy Project Manager","Project Manager","SpotmyEnergy","88000","2026-03-24","","2026-03-30","rejected","https://spotmyenergy.jobs.personio.de/job/2507407?language=en&display=de"
"Tesvolt Product Owner Netzintegration","Product Owner","Tesvolt AG","90000","2026-03-05","2026-03-13","2026-03-19","rejected","https://www.linkedin.com/jobs/view/4381455598/?refId=1PuQHSIuANkF88MCAu46XA%3D%3D&trackingId=1PuQHSIuANkF88MCAu46XA%3D%3D"
"azeti GmbH Product Owner","Product Owner","azeti GmbH","90000","2026-02-26","","2026-03-02","rejected","https://www.stepstone.de/stellenangebote----13638464-inline.html?CID=R_EM_JaJob_DE_ST_26022026_JA_Herdwick_NenQuery_D_jobTitle&lang=de&adjust_t=1bgr3y8t_1bzc1r1h&adjust_campaign=JA&state=0"
"Vizzlo Product Manager","Product Manager","Vizzlo","88000","2026-04-14","","","waiting","https://join.com/companies/vizzlocom/15976680-product-manager-data-viz-startup-b2b-saas"
"e.venture consulting Consultant Energiewirtschaft","Consultant Energiewirtschaft","e.venture consulting","","2025-11-03","","2025-12-05","rejected","https://www.linkedin.com/jobs/view/4318046709/"
"developrec Technical Head of Product","Technical Head of Product","developrec","","2025-05-21","","2026-01-29","ghosted","https://www.linkedin.com/jobs/view/4232796365/?trackingId=RnTlwAI1TGupUJ%2B4MfUOVg%3D%3D&refId=hrrY7Lg%2BTuKNiLpOo43s%2Fg%3D%3D&midToken=AQEcO_kITRvO_Q&midSig=35bQKqhXTevHM1&trk=eml-email_application_confirmation_with_nba_01-applied_jobs-0-job_posting&trkEmail=eml-email_application_confirmation_with_nba_01-applied_jobs-0-job_posting-null-55irmn~maxuxlcn~bs-null-null&eid=55irmn-maxuxlcn-bs&otpToken=MTEwNDFmZTYxMjJhY2NjM2IxMjQwNGVkNDIxOWVmYjY4OWM5ZDc0Mjk4YTc4OTYxNzljMjA1NmI0NzUyNWJmMWYzZGY4ZGI4MTBkMGU1ZmQ3NDgzNzAzZGFjOWI1MjNlYjZhNDNlZGRiNTEwMTdmMTU2ZTUsMSwx"
"enua Data Platform Engineer","Data Engineer","enua Pharma GmbH","88000","2026-03-31","","2026-04-01","rejected","https://www.stepstone.de/stellenangebote--Data-Platform-Engineer-Azure-w-m-d-Koeln-enua-Pharma-GmbH--13743872-inline.html"
"green flexibility Business Data Analyst (m-w-d) – Pipeline & Reporting","Business Data Analyst (m/w/d) – Pipeline & Reporting","green flexibility","90000","2026-01-08","","2026-02-04","rejected","https://green-flexibility.jobs.personio.de/job/2447322?language=en&display=de"
"bilstein Product Data Analyst Manager","Data Analyst Manager","bilstein Group","86000","2026-04-09","","2026-04-23","rejected","https://www.stepstone.de/stellenangebote--Product-Data-Analyst-m-w-d-Manager-Produktdaten-Analyst-Ennepetal-Ferdinand-Bilstein-GmbH-Co-KG--13809250-inline.html"
"iO Associates Technical Project Manager","Technical Project Manager","iO Associates","","2025-08-05","","2026-01-29","ghosted","https://www.linkedin.com/jobs/view/4280318288/?trackingId=y8ay9%2FFzQ9ifryMQeCQOLw%3D%3D&refId=%2FXuTGHHHRxelygSKx9dFbg%3D%3D&midToken=AQEcO_kITRvO_Q&midSig=28TUs8Ya06bbU1&trk=eml-email_application_confirmation_with_nba_01-applied_jobs-0-job_posting&trkEmail=eml-email_application_confirmation_with_nba_01-applied_jobs-0-job_posting-null-55irmn~mdyw4igt~8n-null-null&eid=55irmn-mdyw4igt-8n&otpToken=MTEwNDFmZTYxMjJhY2NjM2IxMjQwNGVkNDMxYWUzYjU4NmNiZDg0ODk4YWM4ZTYxNzljMjA1NmI0NzUyNWJmMWYzZGY4MGU0NGNkN2I4YzA2MWZjZTRlMjk4NzllZmEzNmNhOTEwYmU1MmRkYTU0NTIyMWIsMSwx"
"inovex GmbH Data Engineer","Data Engineer","inovex GmbH","","2026-02-27","","2026-03-30","rejected","https://www.stepstone.de/stellenangebote----11713465-inline.html?CID=R_EM_JaJob_DE_ST_16082025_jobTitle&lang=de&adjust_t=1bgr3y8t_1bzc1r1h&adjust_campaign=JA&offer_position=2"
"fulfillmenttools Data and BI Engineer","Data Engineer","fulfillmenttools","","","","","open","https://www.stepstone.de/stellenangebote----13589379-inline.html?CID=R_EM_JaJob_DE_ST_02032026_jobTitle&lang=de&adjust_t=1bgr3y8t_1bzc1r1h&adjust_campaign=JA&state=0"
"inovex Senior Data Engineer Machine Learning Engineer","Senior Data Engineer","inovex GmbH","90000","2026-03-24","","2026-03-30","rejected","https://www.inovex.de/de/karriere/stellenangebote/senior-data-engineer-ml-engineer/"
"kloeckner.i (Senior) Data Scientist (w-m-d) – Fokus Datenprojekte","(Senior) Data Scientist (w/m/d) – Fokus Datenprojekte","kloeckner.i","94500","2025-08-25","","2025-09-25","rejected","https://kloeckner-i-gmbh.jobs.personio.de/job/2116667?language=en&display=de"
"scty Senior Consultant Strategy and Digitization","Senior Consultant Strategy and Digitization","scty","","2025-12-12","","2025-12-22","rejected","https://www.linkedin.com/jobs/view/4340312591/"
"smartclip Europe GmbH Technical Product Owner - Data","Technical Product Owner - Data","smartclip Europe GmbH","90000","2026-01-20","","2026-02-03","rejected","https://careers.smartclip.tv/jobs/6648880-technical-product-owner-w-m-d-data?utm_source=chatgpt.com"
"sopra steria AI Requirements Engineer","Requirements Engineer","sopra steria","","","","","open","https://www.stepstone.de/stellenangebote----13586386-inline.html?CID=R_EM_JaJob_DE_ST_02032026_recommendedJobTitle&lang=de&adjust_t=1bgr3y8t_1bzc1r1h&adjust_campaign=JA&state=0"
"gridX Product Lead Connectivity","Product Lead","gridX","","2026-04-07","","","waiting","https://gridx.jobs.personio.de/job/2458999"
"ticket.io Product Owner","Product Owner","ticket I/O","86000","2026-04-09","","","waiting","https://www.ticket.io/jobs/product-owner-m-w-d-2/"
"parcIT Data Architect","Data Architect","parcIT","","2026-04-14","","2026-04-21","rejected","https://www.stepstone.de/stellenangebote--Data-Architect-w-m-d-Koeln-parcIT-GmbH--13867877-inline.html"
"Rewe Digital Product Owner Data Intelligence Platform","Product Owner","Rewe Digital","85000","2026-04-20","","","waiting","https://karriere.rewe-group.com/rewe_digital/job/Köln-Product-Owner-Data-Intelligence-Platform-%28mwd%29-NW-51149/1236609701/?feedId=172901&&utm_source=StepStoneProUltimate&ecid=pla_stepstone_rc-job-proultimate_cpp_nn_nn_nn_nn_hir"
"duh group Initiativbewerbung Product Owner","Product Owner","d.u.h. Group","","2026-04-21","","","waiting","https://duh-group-gmbh.jobs.personio.de/job/2503779"
"Xcede Technical Product Manager","Technical Product Manager","Xcede","","2025-06-24","","2025-06-26","ghosted","https://www.linkedin.com/jobs/view/4252983323/?trackingId=uT3pYBCFSMyAVwxrS8qeew%3D%3D&refId=g7UJx4L7Sgu%2FssrcBhbTRg%3D%3D&midToken=AQEcO_kITRvO_Q&midSig=3vbXVcBESXpXQ1&trk=eml-email_job_applications_update_digest_01-job_updates-0-job_updates_app_card&trkEmail=eml-email_job_applications_update_digest_01-job_updates-0-job_updates_app_card-null-55irmn~mcl11e8g~vm-null-null&eid=55irmn-mcl11e8g-vm&otpToken=MTEwNDFmZTYxMjJhY2NjM2IxMjQwNGVkNDMxZmUzYjQ4YmNiZDM0MzkwYTc4ZjYxNzljMjA1NmI0NzUyNWJmMWYzZGY4NDlkNzVjZWUwZTc3YmY4NGE1ZGRkZmY3NTQ0Yzk4MzhkMjEzZTQzMGQ1MTIzNmUsMSwx"